证书文件,Certificate Chain,私钥
"-----BEGIN CERTIFICATE-----
MIIC+zCCAeOgAwIBAgIJALuACQtwozZIMA0GCSqGSIb3DQEBBQUAMBQxEjAQBgNV
BAMMCXdmaHE4LmNvbTAeFw0xOTEyMDYwMzIwMDVaFw0yOTEyMDMwMzIwMDVaMBQx
EjAQBgNVBAMMCXdmaHE4LmNvbTCCASIwDQYJKoZIhvcNAQEBBQADggEPADCCAQoC
ggEBAOXkkkrHP9mDERpodibMRg8jgtW4aiJ62txXdlgKXc77Uh4AFhH39abG6ysm
pQ1JAInFMJRM/tM1TSKL3AxLj+QP8QZD8iyrGCep9lgrtgsfr1kNPMDgHbKH9tZr
NzYg1jfA2ETSrZGk88eoWgiqs3oA057wPb9TP7zZyy7u1oLiwPMyCO8N5gjjnMXD
EeYHaV3hPakONpkjmZG+yCasV2zIMUwK8olGBkent8w9qPhR7O/ACsriDIrhUiyY
tFenR5daUY/F6XrR6mjlU3km04rQOU+DoS7n7JpjM74YSjA5wFVuoGm2aleWbNqp
gLt761EStAih5KLrO6mEcQP7FCUCAwEAAaNQME4wHQYDVR0OBBYEFABqxLcbcpxy
5ia+DErpMcxMrf92MB8GA1UdIwQYMBaAFABqxLcbcpxy5ia+DErpMcxMrf92MAwG
A1UdEwQFMAMBAf8wDQYJKoZIhvcNAQEFBQADggEBABHHK7nMtmZiy3qy2HUga3a6
7WRFyThxmcNR2Bho2AOzOSdjaWxr/oAcDxk2ZLSsy8WAu34XYIslwGPVfDRTMr8a
p0Ix1cgdaHDSbsOezpRfqd9PfuwiHo5/M/wVzsrwtr9hGhboTW5L//cDYDrX3uUs
sQNPELzWC+t4MNiRhZ6pEr2B7NoAVT46hAwY9pym8S2/aNgvlMq5rN+VwyI1jShO
wDKhRWkLadOTclg3/5sL8+9Jap8O2uOG6rVb0szTIJGNblzb3IovWIqShQRiWJea
oXHnX1ayDf36xwJb6fKdMqOrbpob12+bqLkSx1yeFCqPGyAo8cnMKg2U4aGhJY8=
-----END CERTIFICATE-----",,"-----BEGIN RSA PRIVATE KEY-----
MIIEowIBAAKCAQEA5eSSSsc/2YMRGmh2JsxGDyOC1bhqInra3Fd2WApdzvtSHgAW
Eff1psbrKyalDUkAicUwlEz+0zVNIovcDEuP5A/xBkPyLKsYJ6n2WCu2Cx+vWQ08
wOAdsof21ms3NiDWN8DYRNKtkaTzx6haCKqzegDTnvA9v1M/vNnLLu7WguLA8zII
7w3mCOOcxcMR5gdpXeE9qQ42mSOZkb7IJqxXbMgxTAryiUYGR6e3zD2o+FHs78AK
yuIMiuFSLJi0V6dHl1pRj8XpetHqaOVTeSbTitA5T4OhLufsmmMzvhhKMDnAVW6g
abZqV5Zs2qmAu3vrURK0CKHkous7qYRxA/sUJQIDAQABAoIBAA8eZxiP3f0aB4fr
EsoeaQUZ2sLfa+t0lOwkvF2x4NV55b6fVtQ7sGYVcuXVlsk24dgtpbI7Fg8h1D7P
X9tXJNFk0v8MfOK/JcmF/fNyfHhizw9WNYahtpJFKtCTIIBozG3COvbbvBp19KpO
wg0L3N3LLB+pwQXSHcD3ucsOXgEhdJEiuN8ecejAIUd/q0GokiUNHxuU3IWJcVrB
6SDvYiXvKfPs8HZT8STXVD29kDGCENRHfxOsnpbfBhWXidwBfFu610pEWnHZwNZs
dOCSCGB4mFd+g4/9iu3T3mVuulx9i5aV8tjMdOzHWwpQiqY71bhvPLXJqBDXNdZs
mLanwsECgYEA9uPwBSf35rK35YTIMnCsKCKU9U8oPLAAqqTQwS4kYrL0znT53aF/
nWFwmen/CB/LM5Qt+Ts7tMMJ1ydQYPmwjxPVzUsX4wldOtOSFopeZGJo1jN55sKa
fRYVoRW4Mux9YkifZmpa7NHazf2c1nh9GrVMD6fUVL2tHYiEXXstkZkCgYEA7mAU
ZcqwuWo+mivlrssET0WOzCuSGhR/ig7UX+WczJ08wzxYN0e8dmUtbh/o+2vvATUP
6L7ULniCuVnEYO/DJIsrASxZKhGyTH+/JOAeBy7/odPCvuhB26gDMeHsZfPLF9XV
6aYQ54gXk9XT8X3jYFUn3bHMYgL76M/1FGkOhm0CgYBsPDNOX15Lsg/yvAp0Knce
xUJeZMx0BojURpsKBauH5YJzPE8KPbHPkhcmMrJOonmX7B9XgwNC1Lpsq1yOlwgz
QXPao1AehU1s67HA1fpZsdbaCQkpBClsKxFiZD4zfP/e5Y2T/Y5NAhcVdViboYje
+5oTxvTMDbdmGiJFRSoOCQKBgEmCU4f4c3saKmf8tX2rmY6gkqKfpRRp0dLPM+rG
sg3fR0elqkaR1qpkFRhqurwd0rx6kodhoaka/KUP66FBDtqMGBzqgiyY/HTeyCEl
A92PPsG2vc2FbhnAvAt78hyWi8Cz7p142qmrrCmovQ0xlxaz6/FPzQlEhk6LIrbC
lvoZAoGBAINd0+ZMI4z/fLfbBp5JomDcfJRwF6S23XoEU5X9/Bd3jsBIqiWJVd6B
oOA1SxyJi+BnFTic9AaCTyUv9hHjFMms0Fo6jWxoltKJfoa64rJIS/nqB+xfoEvl
9E7MW6FnpPosI2QZNx18dccfOT1zvpZ8Np1UuHtA7C9CF2e+x2xb
-----END RSA PRIVATE KEY-----"
"-----BEGIN CERTIFICATE-----
MIIFbDCCBFSgAwIBAgISA03VnzWMAk6JC1vMUwR1qSWWMA0GCSqGSIb3DQEBCwUA
MEoxCzAJBgNVBAYTAlVTMRYwFAYDVQQKEw1MZXQncyBFbmNyeXB0MSMwIQYDVQQD
ExpMZXQncyBFbmNyeXB0IEF1dGhvcml0eSBYMzAeFw0xOTEwMDcxNDQ3MzNaFw0y
MDAxMDUxNDQ3MzNaMBsxGTAXBgNVBAMTEGtpbmdvZmNsb3VkLmNsdWIwggEiMA0G
CSqGSIb3DQEBAQUAA4IBDwAwggEKAoIBAQDIuinPLJigP6I5x8IPR4Ho8wFW8GiF
5HqKmjesKeCzW7Dm1PXMPGKsz2aZRL1ClpCPujOBnQa22f6PJ8yVygNAE/JEfC7p
R70Inz+xF37UX2opH+WMhjXCfkwVDsZS3EmKc2fBla06gYvFBsavSnkP960M1sem
9nqNidO7/XwdoWnirfLAaakFlGZYH7BwmeLc3/1+YNZWJG4yOWaGMyKLVX61iZVQ
PljLPOcgFeU84ZIlkCN/3v4AiVWnEZdPFotPVP3tliDJjhbHCFlMX7HAx+pQsj7j
P7e86dF6tf5XYZbpNfNKmCSBHKoCNyU1sjnGV1SoPEh8cvnS1RX/gzBpAgMBAAGj
ggJ5MIICdTAOBgNVHQ8BAf8EBAMCBaAwHQYDVR0lBBYwFAYIKwYBBQUHAwEGCCsG
AQUFBwMCMAwGA1UdEwEB/wQCMAAwHQYDVR0OBBYEFKZP9mbf7fCnAAV8SbNv6eRP
sJNGMB8GA1UdIwQYMBaAFKhKamMEfd265tE5t6ZFZe/zqOyhMG8GCCsGAQUFBwEB
BGMwYTAuBggrBgEFBQcwAYYiaHR0cDovL29jc3AuaW50LXgzLmxldHNlbmNyeXB0
Lm9yZzAvBggrBgEFBQcwAoYjaHR0cDovL2NlcnQuaW50LXgzLmxldHNlbmNyeXB0
Lm9yZy8wLwYDVR0RBCgwJoISKi5raW5nb2ZjbG91ZC5jbHVighBraW5nb2ZjbG91
ZC5jbHViMEwGA1UdIARFMEMwCAYGZ4EMAQIBMDcGCysGAQQBgt8TAQEBMCgwJgYI
KwYBBQUHAgEWGmh0dHA6Ly9jcHMubGV0c2VuY3J5cHQub3JnMIIBBAYKKwYBBAHW
eQIEAgSB9QSB8gDwAHcAXqdz+d9WwOe1Nkh90EngMnqRmgyEoRIShBh1loFxRVgA
AAFtpueCgQAABAMASDBGAiEA3HpDsGXqN6CsdM9ntmb9J9KfIwp/NZOs8Mbifa9A
iS8CIQDP/j0Go/nt1iolsGmu7z0dk6Wv9UKCOxtDdbjdQlRh7QB1ACk8UZZUyDll
uqpQ/FgH1Ldvv1h6KXLcpMMM9OVFR/R4AAABbabngnYAAAQDAEYwRAIgQS/snUoP
WtBcW4dILlhacT7mbDYkKVbferYv8YrXpqUCIHIQT5bLhoLnW3+3/k1DrdNx5iuG
pk0cdoBEl4gf8MUrMA0GCSqGSIb3DQEBCwUAA4IBAQAHHsXFHvIPbbR1tMj3yt8S
CN+15J4SravjXeaOwgk213Gsakgw6AbUjrUe9SSTqSsrbpNfIS4qgoIIXb3GN1CD
PS08DHmkZBKsjPCE47TUgfc/4WzXhiiwqs5oPNeUpDAxDxhGfPMxzdNXC7pzc1oT
58aPd6LwoG/WF4ABTEzy5l0PMxkmPuWs0ISSnI906sCNRuoWXH8t1vfXlJyW1WBq
ls7cGk38tDjpWcVeS3sWINE/QGogIPTWf2vZhE5spRqaF0V/Du6Kc8I1McdoM2wt
iunPDsRFMKmwWX5n9Ns9fHuyEWWetafdlQfN/256TyaZo9oHwALJo7S+9T+Nr5SL
-----END CERTIFICATE-----","-----BEGIN CERTIFICATE-----
MIIEkjCCA3qgAwIBAgIQCgFBQgAAAVOFc2oLheynCDANBgkqhkiG9w0BAQsFADA/
MSQwIgYDVQQKExtEaWdpdGFsIFNpZ25hdHVyZSBUcnVzdCBDby4xFzAVBgNVBAMT
DkRTVCBSb290IENBIFgzMB4XDTE2MDMxNzE2NDA0NloXDTIxMDMxNzE2NDA0Nlow
SjELMAkGA1UEBhMCVVMxFjAUBgNVBAoTDUxldCdzIEVuY3J5cHQxIzAhBgNVBAMT
GkxldCdzIEVuY3J5cHQgQXV0aG9yaXR5IFgzMIIBIjANBgkqhkiG9w0BAQEFAAOC
AQ8AMIIBCgKCAQEAnNMM8FrlLke3cl03g7NoYzDq1zUmGSXhvb418XCSL7e4S0EF
q6meNQhY7LEqxGiHC6PjdeTm86dicbp5gWAf15Gan/PQeGdxyGkOlZHP/uaZ6WA8
SMx+yk13EiSdRxta67nsHjcAHJyse6cF6s5K671B5TaYucv9bTyWaN8jKkKQDIZ0
Z8h/pZq4UmEUEz9l6YKHy9v6Dlb2honzhT+Xhq+w3Brvaw2VFn3EK6BlspkENnWA
a6xK8xuQSXgvopZPKiAlKQTGdMDQMc2PMTiVFrqoM7hD8bEfwzB/onkxEz0tNvjj
/PIzark5McWvxI0NHWQWM6r6hCm21AvA2H3DkwIDAQABo4IBfTCCAXkwEgYDVR0T
AQH/BAgwBgEB/wIBADAOBgNVHQ8BAf8EBAMCAYYwfwYIKwYBBQUHAQEEczBxMDIG
CCsGAQUFBzABhiZodHRwOi8vaXNyZy50cnVzdGlkLm9jc3AuaWRlbnRydXN0LmNv
bTA7BggrBgEFBQcwAoYvaHR0cDovL2FwcHMuaWRlbnRydXN0LmNvbS9yb290cy9k
c3Ryb290Y2F4My5wN2MwHwYDVR0jBBgwFoAUxKexpHsscfrb4UuQdf/EFWCFiRAw
VAYDVR0gBE0wSzAIBgZngQwBAgEwPwYLKwYBBAGC3xMBAQEwMDAuBggrBgEFBQcC
ARYiaHR0cDovL2Nwcy5yb290LXgxLmxldHNlbmNyeXB0Lm9yZzA8BgNVHR8ENTAz
MDGgL6AthitodHRwOi8vY3JsLmlkZW50cnVzdC5jb20vRFNUUk9PVENBWDNDUkwu
Y3JsMB0GA1UdDgQWBBSoSmpjBH3duubRObemRWXv86jsoTANBgkqhkiG9w0BAQsF
AAOCAQEA3TPXEfNjWDjdGBX7CVW+dla5cEilaUcne8IkCJLxWh9KEik3JHRRHGJo
uM2VcGfl96S8TihRzZvoroed6ti6WqEBmtzw3Wodatg+VyOeph4EYpr/1wXKtx8/
wApIvJSwtmVi4MFU5aMqrSDE6ea73Mj2tcMyo5jMd6jmeWUHK8so/joWUoHOUgwu
X4Po1QYz+3dszkDqMp4fklxBwXRsW10KXzPMTZ+sOPAveyxindmjkW8lGy+QsRlG
PfZ+G6Z6h7mjem0Y+iWlkYcV4PIWL1iwBi8saCbGS5jN2p8M+X+Q7UNKEkROb3N6
KOqkqm57TH2H3eDJAkSnh6/DNFu0Qg==
-----END CERTIFICATE-----","-----BEGIN PRIVATE KEY-----
MIIEvgIBADANBgkqhkiG9w0BAQEFAASCBKgwggSkAgEAAoIBAQDIuinPLJigP6I5
x8IPR4Ho8wFW8GiF5HqKmjesKeCzW7Dm1PXMPGKsz2aZRL1ClpCPujOBnQa22f6P
J8yVygNAE/JEfC7pR70Inz+xF37UX2opH+WMhjXCfkwVDsZS3EmKc2fBla06gYvF
BsavSnkP960M1sem9nqNidO7/XwdoWnirfLAaakFlGZYH7BwmeLc3/1+YNZWJG4y
OWaGMyKLVX61iZVQPljLPOcgFeU84ZIlkCN/3v4AiVWnEZdPFotPVP3tliDJjhbH
CFlMX7HAx+pQsj7jP7e86dF6tf5XYZbpNfNKmCSBHKoCNyU1sjnGV1SoPEh8cvnS
1RX/gzBpAgMBAAECggEBALtccawtD2X9H7rZR72lXJCJS0XQb3ATHYMEglTUXiZs
vsooHCsAboaprTYBYLun+NX/0xX38Y16G8+aMa/beX81Xx0n4U3kpYFHzFbL/JnV
Wi161XR+ze12oCPDv8EWWBrAsCeVQ7XpuAI32ftDA4+w+zmRvZiOV0SIUzgVWuX3
3ieoV8Ly56kXETwR5uq++PFo9YNT9ZWhIaW6ibQFRjpkx65ctB9K3TT9h1k0E8uw
n+twbOETivTIRFDH8M6A/N0GIRLZjRiL+nSsdmO7bOFLV6FYF8Jq6FvRutWeFQeK
QVuh/bzKkcNnO1VSICG50Wm5b0Y2Cdr0EJN1mz23DlUCgYEA7ylTD4M1bseKunma
D6dhKxKSkVAT9Ib5nWZ9cSsO/8ULKxGnhDl03BnKb1uv0bujtRAT7irQzdBzUuC/
xtDhS8ygDKTBVQ7VzDVmiH0SaavWs2Y7COpzJSQBvLKZqnsMKoiwF0hDmVtMqT2u
hDtEusdPakoHcqdSFz+hSn87qGsCgYEA1twYeOepr3baPBU2l86KfLCt0ixCpGCY
pEg6hwlqTnDSs8/J9+VuU4tKbyKMOsBaBm4UzbAmR8Fsy8CFwi/zvbV9cl/u5Z/1
GwWkB3i0m3H7r3H0o4iKtUuITt7DfBDukYbFXxI8T5js3wgDNaqrN8fCDbb5Y6DA
TPXL9AexD3sCgYEA4kag9Y5YoaVdliyzHJhqkMwTrDStjK+fv9JWYRoyKMAPXwJn
Ee0iqZQlOdLvuGnl68t4b+BGilPsqL9H8x1x67uAujWvTYCpu3nSttRO9XfFvRq+
RCM+Kie1FQmN5gRhcGS+5mhSvOfq0j0vvqAs2OL2OkQsY8f3HVPwkIFsul0CgYB3
/cLNAtOI4l9OXqp2bSp6KFFqpr0w/6E/XfcRovhzhh6lvM2WW9MZZRjUp/6YcQPV
w3Rqyo0WVbdkssgAgrcko07DqT/JjWNdC/FnGsoCZc2hVYrCKWcNiHk/UrjpeKtD
Knjfd1enPEhM5jSkrAOiyzRcZGsycHv0fvC//+uqMQKBgC9f+6bsiMRJmmBjGVUZ
fFlAOiiSgnOIqWedN/G7CJtXODyz/RRllhXs1TjmZ//JM/oMqtt95elEU+ZvUUSK
lmHZkwh907CaESbHmZCiO04TOQJDHyRlDlvf32shQKkVYQJYWj/g8idxaDp61gYG
5WQkD92PMWaBGolGroLQDEWV
-----END PRIVATE KEY-----"
"-----BEGIN CERTIFICATE-----
MIIFtTCCBJ2gAwIBAgIQDasO3G7g+uHMWpI2yD0ThTANBgkqhkiG9w0BAQsFADBy
MQswCQYDVQQGEwJDTjElMCMGA1UEChMcVHJ1c3RBc2lhIFRlY2hub2xvZ2llcywg
SW5jLjEdMBsGA1UECxMURG9tYWluIFZhbGlkYXRlZCBTU0wxHTAbBgNVBAMTFFRy
dXN0QXNpYSBUTFMgUlNBIENBMB4XDTE5MDkyNzAwMDAwMFoXDTIwMDkyNjEyMDAw
MFowGzEZMBcGA1UEAxMQbmlja3Rlc3Q5OTkuY2x1YjCCASIwDQYJKoZIhvcNAQEB
BQADggEPADCCAQoCggEBAMMVgDoRjdSSign7YFVz5Es5PAqlxvLsOR0+7JO8+m8c
k/CK/9408khJeWYmaS0YMZp++oL3WJAP5AVlQtFajK71MlKg8Gn8xJgFSTLugX88
f/5RWEgMxgIjpPAdFBRnc1mQaUzky4yop8tznbjXEYhqXdoTVrUQ9PvTfUpNqPmR
VSiDI965olWccSmZLtLRytGIHJDmUkvDH59GeHHgD710UOHKJIp56RU+F0zDPANF
i1M36O3I9uDBiriajd78y1IRDh8aIsrggzFeF9EOP8TMD1BjJ8WE6l06uVT7xPlm
s5ZpQY30CJrSioRCmamJWxsfEKScpLa7OGCKp7GcLusCAwEAAaOCApwwggKYMB8G
A1UdIwQYMBaAFH/TmfOgRw4xAFZWIo63zJ7dygGKMB0GA1UdDgQWBBQQL4rjtyAA
l56pcwxR/ogVKsdHljAxBgNVHREEKjAoghBuaWNrdGVzdDk5OS5jbHVighR3d3cu
bmlja3Rlc3Q5OTkuY2x1YjAOBgNVHQ8BAf8EBAMCBaAwHQYDVR0lBBYwFAYIKwYB
BQUHAwEGCCsGAQUFBwMCMEwGA1UdIARFMEMwNwYJYIZIAYb9bAECMCowKAYIKwYB
BQUHAgEWHGh0dHBzOi8vd3d3LmRpZ2ljZXJ0LmNvbS9DUFMwCAYGZ4EMAQIBMIGS
BggrBgEFBQcBAQSBhTCBgjA0BggrBgEFBQcwAYYoaHR0cDovL3N0YXR1c2UuZGln
aXRhbGNlcnR2YWxpZGF0aW9uLmNvbTBKBggrBgEFBQcwAoY+aHR0cDovL2NhY2Vy
dHMuZGlnaXRhbGNlcnR2YWxpZGF0aW9uLmNvbS9UcnVzdEFzaWFUTFNSU0FDQS5j
cnQwCQYDVR0TBAIwADCCAQQGCisGAQQB1nkCBAIEgfUEgfIA8AB1AKS5CZC0GFgU
h7sTosxncAo8NZgE+RvfuON3zQ7IDdwQAAABbXFEYT0AAAQDAEYwRAIgdDGQErh+
bwgWf5A/0PvnAaaJy16WmZuRRUcV9udD9msCIH/h7xFnFcNlWBNGuTmwlijekkPc
QbLQD25/7mGp0NbGAHcAh3W/51l8+IxDmV+9827/Vo1HVjb/SrVgwbTq/16ggw8A
AAFtcURhgwAABAMASDBGAiEAvoD5fJ6NEmqP3WGuQtyaQyEEVFiDEyPm71egoXHw
I54CIQCvCE9btZN+mMYJvbLyP01ZztB9/2Zo5Xgw7Cn3CHoUTzANBgkqhkiG9w0B
AQsFAAOCAQEAm2ksxG00ko2q+CUI4p6N4g1Z9FBFlQdbOZWptCOeZeoamv8cLqf3
5qMn38lQSm31QqA4V1HpwrqL+aWMZwgLrNP75wcv3GYBw/BevQuWBnVEQr+2gZo/
fYwVst0sguwh+A9wQyC9SrOl41J3UKKZnuBIxxgvOWqH1nDw6e4QeaxGQcWz7aUW
+CmOC8miPlQWP5VhkUZIrTOD5MvEjk58FdCVEkl2Ib1bCFPmi0eN8WdI5av8qzub
ku/ucpunaHTcpBgs1VAm0ko6yAPuoqE4WYhkpHV3y+pkzylB+hwT7WHzekKmnxvb
KAsRnpDi1XO0MzJQCjk9YpXlT1rl/prfFQ==
-----END CERTIFICATE-----","-----BEGIN CERTIFICATE-----
MIIErjCCA5agAwIBAgIQBYAmfwbylVM0jhwYWl7uLjANBgkqhkiG9w0BAQsFADBh
MQswCQYDVQQGEwJVUzEVMBMGA1UEChMMRGlnaUNlcnQgSW5jMRkwFwYDVQQLExB3
d3cuZGlnaWNlcnQuY29tMSAwHgYDVQQDExdEaWdpQ2VydCBHbG9iYWwgUm9vdCBD
QTAeFw0xNzEyMDgxMjI4MjZaFw0yNzEyMDgxMjI4MjZaMHIxCzAJBgNVBAYTAkNO
MSUwIwYDVQQKExxUcnVzdEFzaWEgVGVjaG5vbG9naWVzLCBJbmMuMR0wGwYDVQQL
ExREb21haW4gVmFsaWRhdGVkIFNTTDEdMBsGA1UEAxMUVHJ1c3RBc2lhIFRMUyBS
U0EgQ0EwggEiMA0GCSqGSIb3DQEBAQUAA4IBDwAwggEKAoIBAQCgWa9X+ph+wAm8
Yh1Fk1MjKbQ5QwBOOKVaZR/OfCh+F6f93u7vZHGcUU/lvVGgUQnbzJhR1UV2epJa
e+m7cxnXIKdD0/VS9btAgwJszGFvwoqXeaCqFoP71wPmXjjUwLT70+qvX4hdyYfO
JcjeTz5QKtg8zQwxaK9x4JT9CoOmoVdVhEBAiD3DwR5fFgOHDwwGxdJWVBvktnoA
zjdTLXDdbSVC5jZ0u8oq9BiTDv7jAlsB5F8aZgvSZDOQeFrwaOTbKWSEInEhnchK
ZTD1dz6aBlk1xGEI5PZWAnVAba/ofH33ktymaTDsE6xRDnW97pDkimCRak6CEbfe
3dXw6OV5AgMBAAGjggFPMIIBSzAdBgNVHQ4EFgQUf9OZ86BHDjEAVlYijrfMnt3K
AYowHwYDVR0jBBgwFoAUA95QNVbRTLtm8KPiGxvDl7I90VUwDgYDVR0PAQH/BAQD
AgGGMB0GA1UdJQQWMBQGCCsGAQUFBwMBBggrBgEFBQcDAjASBgNVHRMBAf8ECDAG
AQH/AgEAMDQGCCsGAQUFBwEBBCgwJjAkBggrBgEFBQcwAYYYaHR0cDovL29jc3Au
ZGlnaWNlcnQuY29tMEIGA1UdHwQ7MDkwN6A1oDOGMWh0dHA6Ly9jcmwzLmRpZ2lj
ZXJ0LmNvbS9EaWdpQ2VydEdsb2JhbFJvb3RDQS5jcmwwTAYDVR0gBEUwQzA3Bglg
hkgBhv1sAQIwKjAoBggrBgEFBQcCARYcaHR0cHM6Ly93d3cuZGlnaWNlcnQuY29t
L0NQUzAIBgZngQwBAgEwDQYJKoZIhvcNAQELBQADggEBAK3dVOj5dlv4MzK2i233
lDYvyJ3slFY2X2HKTYGte8nbK6i5/fsDImMYihAkp6VaNY/en8WZ5qcrQPVLuJrJ
DSXT04NnMeZOQDUoj/NHAmdfCBB/h1bZ5OGK6Sf1h5Yx/5wR4f3TUoPgGlnU7EuP
ISLNdMRiDrXntcImDAiRvkh5GJuH4YCVE6XEntqaNIgGkRwxKSgnU3Id3iuFbW9F
UQ9Qqtb1GX91AJ7i4153TikGgYCdwYkBURD8gSVe8OAco6IfZOYt/TEwii1Ivi1C
qnuUlWpsF1LdQNIdfbW3TSe0BhQa7ifbVIfvPWHYOu3rkg1ZeMo6XRU9B4n5VyJY
RmE=
-----END CERTIFICATE-----","-----BEGIN PRIVATE KEY-----
MIIEvgIBADANBgkqhkiG9w0BAQEFAASCBKgwggSkAgEAAoIBAQDDFYA6EY3UkooJ
+2BVc+RLOTwKpcby7DkdPuyTvPpvHJPwiv/eNPJISXlmJmktGDGafvqC91iQD+QF
ZULRWoyu9TJSoPBp/MSYBUky7oF/PH/+UVhIDMYCI6TwHRQUZ3NZkGlM5MuMqKfL
c5241xGIal3aE1a1EPT7031KTaj5kVUogyPeuaJVnHEpmS7S0crRiByQ5lJLwx+f
Rnhx4A+9dFDhyiSKeekVPhdMwzwDRYtTN+jtyPbgwYq4mo3e/MtSEQ4fGiLK4IMx
XhfRDj/EzA9QYyfFhOpdOrlU+8T5ZrOWaUGN9Aia0oqEQpmpiVsbHxCknKS2uzhg
iqexnC7rAgMBAAECggEAAdiWvYtD+yfQgZas4Id3uL8tEnFjfWdUhQfUPPOpWlrR
YDyDKQBO7fXasxJC+t0YlGcw31i62vt42L+Ouc9wYbQf9UiLmIfT+ReiYTErmDTO
MJhmzEu+pe+IvzLvPoraEcC8QQYwkj9YUyRgG4ssIc0r39qV/qGknStxAJPVOQNY
U82IqIPkYYT+NSxul372HsWRyajAmerEJGr14Z5JSP+/kJzEpCOzbwbROVCv3Stz
vLa2Eq1upmVXWKa5rZJXvYc3gu3pK9RMBTFXYSoCJFhdBNbgv0orz0/vzVDxs5fi
DIYFvrizyUch4LGoAs1QTVq+l/fWv5o1OOcQ/xn0rQKBgQDmztFuGBOOemLFBo/T
Bva1HUbRjHnucQTZws8OqOeMUMhZgZ6tSH8LydrJ9cvYsLy877Wpw1JAnJTUL8Hw
V9+30rZctkezThAW3tI/VHMLVSJqnITmp3buqzCUfZLRmym6xBnzZWgr9UbJdvJy
IfZnPX/HwUB0Jai+MOi0sLCM7QKBgQDYYH5m+zCuWI9NQ3OuPzWTcNKj4S6R8s8J
CTZGY9YVx3jkK2a8Bppg4ZwGxC/MOxTH/aOiJPUqm2pBt6skHPLXsiU4VQpCMAxF
dJcHrjAHFuj+ifGNEh4Kfnn2pFQY6rCzlG4nZI+BSkicdDjQ3ETStEFCIHsyhG5l
XP1JahCINwKBgQCb+g5cKVcmBR00av/NK7qToOpX+Gf6NFSD2PvWu1xnXbxXiJo0
HncE/2+k5j/Q+3dA83m/9OhkE60cS/3zL19XucVVmDWSPeHvortQ4wAwG2N7yrSh
r3BXUEcvQkFy9znXJmknLFOeyU4CHikv6jW7hTsSQk4Nb9m+Vg0c9v8I7QKBgQDV
iZ0VOo6XcPSzdn7ilqTkBjMK4j8Yb/zcWQgEPaDYy4vF+gMgSo/uTpixoMnfDut6
Vxk2+qwtSUV656zxLdSHA9txlZNTMKHbpa0rOj9Rr81u7mnBJAEbsCfjPdd046BR
CYoQPFDXcpzoMlaj4M3W92dzwCR0/XcJd9TLr+3yzwKBgDHS67tN667CUleGf2HM
QPMawH494D+WKYrd5V4WQPK1YhGp/vvViZUa3tHsWQB2eimoiNJTZ0z9EBs3ejAv
mZj5UxuA71dU4DzWvoCWJqbYKk1HauQC2Rfwnn/df4w5PJ/16/6lP3plxtrNWrIz
znhM0Z3lIZbRmzy/UdC6NfBo
-----END PRIVATE KEY-----"
"-----BEGIN CERTIFICATE-----
MIIFYTCCBEmgAwIBAgISA+K6WFp7yiPXhIlYlxsWrd0CMA0GCSqGSIb3DQEBCwUA
MEoxCzAJBgNVBAYTAlVTMRYwFAYDVQQKEw1MZXQncyBFbmNyeXB0MSMwIQYDVQQD
ExpMZXQncyBFbmNyeXB0IEF1dGhvcml0eSBYMzAeFw0xOTEwMDgwMjIyMTlaFw0y
MDAxMDYwMjIyMTlaMBcxFTATBgNVBAMTDDI5bWFvc2hlLmNvbTCCASIwDQYJKoZI
hvcNAQEBBQADggEPADCCAQoCggEBALxNqj40CxV92a3lLhGZUoKMg6VBl/V4vgst
SJGgKWUR1tAlP+ns/XJON8b8NFXh2zMdAVoy9IuNrdiD6CRnBGySzV/yEpz6yGiv
szl5p8RDiAaChFkRuwGrTuE1p4LLBMIOhLJdJnVxX88+PLjqga0hVHNzsxq2DeA9
YL5SuQgw2wyoAGB76d1geTL5qtOLQL/pFjaO8lJSnfFhH0qwN0Niyc9bGMeMdBX4
IEIqv9z0BPiQqHWJnKjwBXhUTwhhoYU03n0BA4PXwlK91RpxI5JkLKZqf/mfy2gv
n8g58qsZa00gB0dWhwJZyuTX72Qmx+eNtcYulxkpvP+zJRy3MgcCAwEAAaOCAnIw
ggJuMA4GA1UdDwEB/wQEAwIFoDAdBgNVHSUEFjAUBggrBgEFBQcDAQYIKwYBBQUH
AwIwDAYDVR0TAQH/BAIwADAdBgNVHQ4EFgQUKbEiQn+apyTaStVQ+RsFb1BtJlEw
HwYDVR0jBBgwFoAUqEpqYwR93brm0Tm3pkVl7/Oo7KEwbwYIKwYBBQUHAQEEYzBh
MC4GCCsGAQUFBzABhiJodHRwOi8vb2NzcC5pbnQteDMubGV0c2VuY3J5cHQub3Jn
MC8GCCsGAQUFBzAChiNodHRwOi8vY2VydC5pbnQteDMubGV0c2VuY3J5cHQub3Jn
LzAnBgNVHREEIDAegg4qLjI5bWFvc2hlLmNvbYIMMjltYW9zaGUuY29tMEwGA1Ud
IARFMEMwCAYGZ4EMAQIBMDcGCysGAQQBgt8TAQEBMCgwJgYIKwYBBQUHAgEWGmh0
dHA6Ly9jcHMubGV0c2VuY3J5cHQub3JnMIIBBQYKKwYBBAHWeQIEAgSB9gSB8wDx
AHcAXqdz+d9WwOe1Nkh90EngMnqRmgyEoRIShBh1loFxRVgAAAFtqWOXgAAABAMA
SDBGAiEAokauowLTHfHYzJ0AkGe+X+zwM+1AeiDVUgKe9bZmSXwCIQC5Ev4Ge5Gd
8NEDokShPuggzWCEVnyJRwKWjTU7TBc7yAB2ALIeBcyLos2KIE6HZvkruYolIGdr
2vpw57JJUy3vi5BeAAABbaljl3UAAAQDAEcwRQIhAOPpyAgNsYbyu4o3Mz5qdSYe
6dbG43qkruCmxUVw1hSqAiBobl2229A4E5mhdSBd1kDf1hzH07i8vD15I0EM+h0e
kDANBgkqhkiG9w0BAQsFAAOCAQEAMb5mf9RkVVIMZxFt3Hf4+rny/m9NMBSrGCv2
RKFn5kN3gcZmHgzwi7DBo3s8lYGRTL3HFiJdmss6pnPnSoic3DVdQTpiNxBX+nly
yPpJ4jRpJSoeBWGNQnnS8c11LoSWUAQzg52/VHi7TRb6DeEMIvp6PrnxO1srTjn4
ccX2iq0RZh3wl1z6Z/6vFqXEweIDqtRFifbtougIgcslgM62lw2/cs5M9duD1YEk
qLdoRda1faYpAewQ/ijzahdxuRamDcYno90HB7kD7VkWiMupuzlohaNkeQqvdEVf
iIzaQL+dvTVZU4WYO+MZCME/EsX2IdOwqxVxTCBx33Brxu0tFQ==
-----END CERTIFICATE-----","-----BEGIN CERTIFICATE-----
MIIEkjCCA3qgAwIBAgIQCgFBQgAAAVOFc2oLheynCDANBgkqhkiG9w0BAQsFADA/
MSQwIgYDVQQKExtEaWdpdGFsIFNpZ25hdHVyZSBUcnVzdCBDby4xFzAVBgNVBAMT
DkRTVCBSb290IENBIFgzMB4XDTE2MDMxNzE2NDA0NloXDTIxMDMxNzE2NDA0Nlow
SjELMAkGA1UEBhMCVVMxFjAUBgNVBAoTDUxldCdzIEVuY3J5cHQxIzAhBgNVBAMT
GkxldCdzIEVuY3J5cHQgQXV0aG9yaXR5IFgzMIIBIjANBgkqhkiG9w0BAQEFAAOC
AQ8AMIIBCgKCAQEAnNMM8FrlLke3cl03g7NoYzDq1zUmGSXhvb418XCSL7e4S0EF
q6meNQhY7LEqxGiHC6PjdeTm86dicbp5gWAf15Gan/PQeGdxyGkOlZHP/uaZ6WA8
SMx+yk13EiSdRxta67nsHjcAHJyse6cF6s5K671B5TaYucv9bTyWaN8jKkKQDIZ0
Z8h/pZq4UmEUEz9l6YKHy9v6Dlb2honzhT+Xhq+w3Brvaw2VFn3EK6BlspkENnWA
a6xK8xuQSXgvopZPKiAlKQTGdMDQMc2PMTiVFrqoM7hD8bEfwzB/onkxEz0tNvjj
/PIzark5McWvxI0NHWQWM6r6hCm21AvA2H3DkwIDAQABo4IBfTCCAXkwEgYDVR0T
AQH/BAgwBgEB/wIBADAOBgNVHQ8BAf8EBAMCAYYwfwYIKwYBBQUHAQEEczBxMDIG
CCsGAQUFBzABhiZodHRwOi8vaXNyZy50cnVzdGlkLm9jc3AuaWRlbnRydXN0LmNv
bTA7BggrBgEFBQcwAoYvaHR0cDovL2FwcHMuaWRlbnRydXN0LmNvbS9yb290cy9k
c3Ryb290Y2F4My5wN2MwHwYDVR0jBBgwFoAUxKexpHsscfrb4UuQdf/EFWCFiRAw
VAYDVR0gBE0wSzAIBgZngQwBAgEwPwYLKwYBBAGC3xMBAQEwMDAuBggrBgEFBQcC
ARYiaHR0cDovL2Nwcy5yb290LXgxLmxldHNlbmNyeXB0Lm9yZzA8BgNVHR8ENTAz
MDGgL6AthitodHRwOi8vY3JsLmlkZW50cnVzdC5jb20vRFNUUk9PVENBWDNDUkwu
Y3JsMB0GA1UdDgQWBBSoSmpjBH3duubRObemRWXv86jsoTANBgkqhkiG9w0BAQsF
AAOCAQEA3TPXEfNjWDjdGBX7CVW+dla5cEilaUcne8IkCJLxWh9KEik3JHRRHGJo
uM2VcGfl96S8TihRzZvoroed6ti6WqEBmtzw3Wodatg+VyOeph4EYpr/1wXKtx8/
wApIvJSwtmVi4MFU5aMqrSDE6ea73Mj2tcMyo5jMd6jmeWUHK8so/joWUoHOUgwu
X4Po1QYz+3dszkDqMp4fklxBwXRsW10KXzPMTZ+sOPAveyxindmjkW8lGy+QsRlG
PfZ+G6Z6h7mjem0Y+iWlkYcV4PIWL1iwBi8saCbGS5jN2p8M+X+Q7UNKEkROb3N6
KOqkqm57TH2H3eDJAkSnh6/DNFu0Qg==
-----END CERTIFICATE-----","-----BEGIN RSA PRIVATE KEY-----
MIIEpAIBAAKCAQEAvE2qPjQLFX3ZreUuEZlSgoyDpUGX9Xi+Cy1IkaApZRHW0CU/
6ez9ck43xvw0VeHbMx0BWjL0i42t2IPoJGcEbJLNX/ISnPrIaK+zOXmnxEOIBoKE
WRG7AatO4TWngssEwg6Esl0mdXFfzz48uOqBrSFUc3OzGrYN4D1gvlK5CDDbDKgA
YHvp3WB5Mvmq04tAv+kWNo7yUlKd8WEfSrA3Q2LJz1sYx4x0FfggQiq/3PQE+JCo
dYmcqPAFeFRPCGGhhTTefQEDg9fCUr3VGnEjkmQspmp/+Z/LaC+fyDnyqxlrTSAH
R1aHAlnK5NfvZCbH5421xi6XGSm8/7MlHLcyBwIDAQABAoIBAEveKtp3E4QsOZkz
vnT+xlytCpl5rSUM6d0M+LEby7HaFyez6mVww8jbNOPqV5fGsQ+N/y59W0Qi6ElV
FCIek4y/NRoUKWWwMTDkoZxlpK+R2ettiK9uUl9gyx44BO7Qp3EccmB+4XDuJgEU
/Vgvu+GqjSEbG62Gbl7Lu//SypQ+kfn4dOGw+pZrkEsKptXvH/r9hsu9x8vGT+Ug
Ahe8em33Hvp10AdH2geAgX0usA1XLGVQApTSJBdtRLIXjJrNe2gKfRTsfBPL5dBa
BZD6fqnHWmYIC6PPXFCCIuNJ+VV5sWW14eDnwW2TJI6+iY0aexBgYsaiDnBcGdcL
PVMCwZECgYEA4NgsWqi+oDnTMcCvA/XLk05eoZsYyxO29EFVe9S0IFrXpbOj8V9O
uJOXxqPR6Q4pC/woXX6v7Bd/76AE2w407QLLh6OCbx59MKj3iDVLSr/H1awgXzk3
R2Fqofpt0oA7VnU7JzFOvHlkJMzogj4X80hg2P+wjHnaKckO7V0vEl8CgYEA1mVI
utyDr6gqUF6rUED/ikmwXZQnz7ihRRO42YODevyn1Fm3xQoaQUUFN0WOqgkO9Rpr
amq6sfpk0/37uBeC4hTHqXoqmbTEUU3xo28R+bS4bz2qm35OjQtP6L3v/dod0Yav
VUXwCOuDxzaSKn+Dvhd31VlEww75YiUcpatOkVkCgYEAjh4VavheBUiHhVsVRJuI
IYPXrK4r7bB4Y8soDS1U7V5+D+6MIXTsfR5NQPErLPQWXcz0dqQs7j2sT/oFF7DT
IzwxCXsAZtwOpUMnsqB9BrJRzW0OySGRHz0j+V4hLHyBBRT0XsF70wWnltst26UD
3nJRRNfY7/HVQ7QiC0ZrCmECgYAQlflQa2rMlgff+9Lo/H5IZnb8Zk/GJBRl0abF
PQVY6F7bcK1k0ulBD2Pd6MWmpdjAYXDZ5LPYvPQ76jQlA7yeXNktZUQSbAeb+pms
+RS86pwyDuU57kWJZ8ygxsDgNJWF9hNuV2DAb+fb637XRtIcTJh6qtNE+82TKCfV
MTF80QKBgQC1AL+ZNNa/WAaqa0iYHr/XNwCbwluVErHLUDgnkg+xmUyL3EThrXSu
851vfhUwRZMFTJwo65mr/7xeAK62MyTv19oVpBmv13NlZyQNZtO1w3W7WsV4f4gi
oFj2hqYTtnhCrKAc6JnLgL+MOUjm/rpMPIriysIdnVJyPMUqlJu6ow==
-----END RSA PRIVATE KEY-----"
"-----BEGIN CERTIFICATE-----
MIIFaDCCBFCgAwIBAgISAxSkjGbG0378Z7WaEKM2E8rEMA0GCSqGSIb3DQEBCwUA
MEoxCzAJBgNVBAYTAlVTMRYwFAYDVQQKEw1MZXQncyBFbmNyeXB0MSMwIQYDVQQD
ExpMZXQncyBFbmNyeXB0IEF1dGhvcml0eSBYMzAeFw0xOTEwMDgwMjA4NTRaFw0y
MDAxMDYwMjA4NTRaMBkxFzAVBgNVBAMTDmZlbnhpYW5na2wuY29tMIIBIjANBgkq
hkiG9w0BAQEFAAOCAQ8AMIIBCgKCAQEA63MgJmVwCvUhWKe9e1VH2AFnaOy0v2Bq
/BdMxn85hcmCUY7rA1toxpWIruRiZVbnzhx0QdpyvjSKKLZoAW9DE8wsHTEV57Ow
MgmpSIWEw3QxBfovxtVjctCOBLw5euU+3eJyOpx/zvUwi5DAbXctaUfxpUQTOh0a
JxPYaF4RthtBLmmlGqKois729G7hrcxorABKlCmE1qr365VSx5AvITA2IAIzqi/X
H+g9X9/q+4LGUV4JCQEFgg//v+gfSVeg3LsFnvOC/K72IArBgRqFHDxpZv7GNvRI
Je9YrjS74sq3y3uysFeNmB4HpcdjwEFBk5/Qs0nR+mgN+gC8SBV+iQIDAQABo4IC
dzCCAnMwDgYDVR0PAQH/BAQDAgWgMB0GA1UdJQQWMBQGCCsGAQUFBwMBBggrBgEF
BQcDAjAMBgNVHRMBAf8EAjAAMB0GA1UdDgQWBBQVLyMLB7awToVPcJGLHEFNQf5n
NDAfBgNVHSMEGDAWgBSoSmpjBH3duubRObemRWXv86jsoTBvBggrBgEFBQcBAQRj
MGEwLgYIKwYBBQUHMAGGImh0dHA6Ly9vY3NwLmludC14My5sZXRzZW5jcnlwdC5v
cmcwLwYIKwYBBQUHMAKGI2h0dHA6Ly9jZXJ0LmludC14My5sZXRzZW5jcnlwdC5v
cmcvMCsGA1UdEQQkMCKCECouZmVueGlhbmdrbC5jb22CDmZlbnhpYW5na2wuY29t
MEwGA1UdIARFMEMwCAYGZ4EMAQIBMDcGCysGAQQBgt8TAQEBMCgwJgYIKwYBBQUH
AgEWGmh0dHA6Ly9jcHMubGV0c2VuY3J5cHQub3JnMIIBBgYKKwYBBAHWeQIEAgSB
9wSB9ADyAHcA8JWkWfIA0YJAEC0vk4iOrUv+HUfjmeHQNKawqKqOsnMAAAFtqVdN
/AAABAMASDBGAiEA9Szp6gHmX3eY42QtPJjvUq6/FKQZBDCrvrOW69Z8DvICIQDx
/ESFO4cXI6wOKTamMy4Q33MLEP1uJJ35u8+AwbT8NAB3ACk8UZZUyDlluqpQ/FgH
1Ldvv1h6KXLcpMMM9OVFR/R4AAABbalXTdIAAAQDAEgwRgIhAO3nL/jt++RBBLGE
bn/36Bks6QlW/SCuDEXgHWj8DRoQAiEAuUkf4wugoIiphiLgimP4lzLo9S93H+ub
nTlB7wHimkkwDQYJKoZIhvcNAQELBQADggEBADAougarg6mlLHd+x/GuB0CsLqBy
6gvFaYlk/s1rg/ddNRnzgi1HV0GKEFWSfSdkzkX7UmOxBEvSq9UcorkBP7uoI7af
7gkEY+olU+LbwlK8RCwviDUOxmpzKsFmIH3ZOlFJqyeYLy8AgHvS3arhqoS/IThp
j1BQwFkFvwAgaRdCgTD13zPaKPJL/q8jUOpoRPQImyQC//MRY5t8+1yKe5uw155s
9TlfgYfRB2UkwgPndprEdeRAUpEP6UBgWo7M6kiQL7tNqPMfCJrw+U7p1pn60lXq
0+yZ57ZfABIL4XKSfbkUhXj3O1D5RL3c0PqlBB3azyBUQFntyRIg8LUeYe8=
-----END CERTIFICATE-----","-----BEGIN CERTIFICATE-----
MIIEkjCCA3qgAwIBAgIQCgFBQgAAAVOFc2oLheynCDANBgkqhkiG9w0BAQsFADA/
MSQwIgYDVQQKExtEaWdpdGFsIFNpZ25hdHVyZSBUcnVzdCBDby4xFzAVBgNVBAMT
DkRTVCBSb290IENBIFgzMB4XDTE2MDMxNzE2NDA0NloXDTIxMDMxNzE2NDA0Nlow
SjELMAkGA1UEBhMCVVMxFjAUBgNVBAoTDUxldCdzIEVuY3J5cHQxIzAhBgNVBAMT
GkxldCdzIEVuY3J5cHQgQXV0aG9yaXR5IFgzMIIBIjANBgkqhkiG9w0BAQEFAAOC
AQ8AMIIBCgKCAQEAnNMM8FrlLke3cl03g7NoYzDq1zUmGSXhvb418XCSL7e4S0EF
q6meNQhY7LEqxGiHC6PjdeTm86dicbp5gWAf15Gan/PQeGdxyGkOlZHP/uaZ6WA8
SMx+yk13EiSdRxta67nsHjcAHJyse6cF6s5K671B5TaYucv9bTyWaN8jKkKQDIZ0
Z8h/pZq4UmEUEz9l6YKHy9v6Dlb2honzhT+Xhq+w3Brvaw2VFn3EK6BlspkENnWA
a6xK8xuQSXgvopZPKiAlKQTGdMDQMc2PMTiVFrqoM7hD8bEfwzB/onkxEz0tNvjj
/PIzark5McWvxI0NHWQWM6r6hCm21AvA2H3DkwIDAQABo4IBfTCCAXkwEgYDVR0T
AQH/BAgwBgEB/wIBADAOBgNVHQ8BAf8EBAMCAYYwfwYIKwYBBQUHAQEEczBxMDIG
CCsGAQUFBzABhiZodHRwOi8vaXNyZy50cnVzdGlkLm9jc3AuaWRlbnRydXN0LmNv
bTA7BggrBgEFBQcwAoYvaHR0cDovL2FwcHMuaWRlbnRydXN0LmNvbS9yb290cy9k
c3Ryb290Y2F4My5wN2MwHwYDVR0jBBgwFoAUxKexpHsscfrb4UuQdf/EFWCFiRAw
VAYDVR0gBE0wSzAIBgZngQwBAgEwPwYLKwYBBAGC3xMBAQEwMDAuBggrBgEFBQcC
ARYiaHR0cDovL2Nwcy5yb290LXgxLmxldHNlbmNyeXB0Lm9yZzA8BgNVHR8ENTAz
MDGgL6AthitodHRwOi8vY3JsLmlkZW50cnVzdC5jb20vRFNUUk9PVENBWDNDUkwu
Y3JsMB0GA1UdDgQWBBSoSmpjBH3duubRObemRWXv86jsoTANBgkqhkiG9w0BAQsF
AAOCAQEA3TPXEfNjWDjdGBX7CVW+dla5cEilaUcne8IkCJLxWh9KEik3JHRRHGJo
uM2VcGfl96S8TihRzZvoroed6ti6WqEBmtzw3Wodatg+VyOeph4EYpr/1wXKtx8/
wApIvJSwtmVi4MFU5aMqrSDE6ea73Mj2tcMyo5jMd6jmeWUHK8so/joWUoHOUgwu
X4Po1QYz+3dszkDqMp4fklxBwXRsW10KXzPMTZ+sOPAveyxindmjkW8lGy+QsRlG
PfZ+G6Z6h7mjem0Y+iWlkYcV4PIWL1iwBi8saCbGS5jN2p8M+X+Q7UNKEkROb3N6
KOqkqm57TH2H3eDJAkSnh6/DNFu0Qg==
-----END CERTIFICATE-----","-----BEGIN RSA PRIVATE KEY-----
MIIEpQIBAAKCAQEA63MgJmVwCvUhWKe9e1VH2AFnaOy0v2Bq/BdMxn85hcmCUY7r
A1toxpWIruRiZVbnzhx0QdpyvjSKKLZoAW9DE8wsHTEV57OwMgmpSIWEw3QxBfov
xtVjctCOBLw5euU+3eJyOpx/zvUwi5DAbXctaUfxpUQTOh0aJxPYaF4RthtBLmml
GqKois729G7hrcxorABKlCmE1qr365VSx5AvITA2IAIzqi/XH+g9X9/q+4LGUV4J
CQEFgg//v+gfSVeg3LsFnvOC/K72IArBgRqFHDxpZv7GNvRIJe9YrjS74sq3y3uy
sFeNmB4HpcdjwEFBk5/Qs0nR+mgN+gC8SBV+iQIDAQABAoIBAQDBicXAqhs6dpst
k9yWd9hxf13wirpcobXveHucotG23phn0DHwdYAf1KUhFgynvpMXAp6xzw4IuYlj
w+SkYT/jEy6j5EhcSIEp8HUdbtteCrGNd0U0jQ2NQE+tJsec9LoDi/NXqHMKvNNl
tdvnX1KNuxywO9AOMgPgYVi/Gaw3YoZDmLOcDGKQkHOcSOyLRgHeHmM0CRjHqQ0l
vZVj3qxpbGaS2V8H5264Sk6B5qLb4s9a5x5psPLk+o06HaY9Wzd0f2Fnml0frTJd
SFLrfnu5oebtsSX0PS6HjzeDJh9ntWUHBXHaFTCTZRMFuhDYvP5Iwgu3Xv11hV8z
FFMwPL19AoGBAPe3uWbUEgTQdFArE2Up2fdKDK8rgeEQ5FOEVyHuqxX/7cnWGTbZ
JEShI6Kou+N4JWMuxS8ZtEE9AAL4W3e9GohvAjwp+mNu30jlJr3HE1agAWUO3Z+H
GYJsEKUW1IpPmRvf1R2vGOpNO6SYmPKq1YQf6sPFf3HWx2Vlx67BreOrAoGBAPNS
ZZnlreoPJUepEHm0u/H6eTrJiMo/JSv3nOAp/6MjxjLUeM4ztfD6RR70pXo9jamh
Cdv9ExBhMB6+iQlU44xB6b5T3czOOW33yHmnzUa62vqwn2Msqut9/qi1EFY7wZgP
UVNKWI6xtP9pGclSS8Ijg5uDcKld0o/C7IdSv/KbAoGBAKWft1xjKnEBluMLCfq3
kr5eSkDMjBgZHTAh6cgMNWOOLESo207qu+8O9i6JNqaN7CF2Yext+TEtQda6ix1x
2E2kOxBS2NCmjq/EVrTIZ8uhS41v9Qn2YD3tVuuqagzXz3ztmSYxrizp2pjgVlLZ
mcyvMl4WrHFGsya+eFYFtOflAoGBAKqq0LjxcNsLZIqu+u9i5bEEjqO9WEUDpX8B
XvecfcJgBVUB0vpPKv6rjG/6CVeEdSjV26SCDi0e/jGSU2xILpLiaKEnEhvlSkLn
2aX7HPDPf2j3GdTmL7yd01FiLuNNZqzRkalqLFNqMho0DfI31wuE/XrG5u7k8BwG
DQGd+SShAoGASNLP1+Ds09BtmVuajnhfzJccCeZJylqUJCxnTYaNBa53xmpQ0bXd
cmJTmr9VuF+7LrpvRKSJjBSR+EssOCQc68cASbC2o1KkcqmC8Csmbn0gITwb9/aM
SgIitNZzsI7MAOFAn6OsT4wX0+Cm+B1ptwwzVCWYWKTHO9OYHseeACk=
-----END RSA PRIVATE KEY-----"
"-----BEGIN CERTIFICATE-----
MIIFWDCCBECgAwIBAgISA1DWyiMH3/49XCo/+mKdC8rUMA0GCSqGSIb3DQEBCwUA
MEoxCzAJBgNVBAYTAlVTMRYwFAYDVQQKEw1MZXQncyBFbmNyeXB0MSMwIQYDVQQD
ExpMZXQncyBFbmNyeXB0IEF1dGhvcml0eSBYMzAeFw0xOTEwMDgwMjE2MjNaFw0y
MDAxMDYwMjE2MjNaMBQxEjAQBgNVBAMTCXR1NTc1LmNvbTCCASIwDQYJKoZIhvcN
AQEBBQADggEPADCCAQoCggEBAL07sJEw7STQ1TURL37hTXD0qWWnLEaBVRjga53U
3Os9h/MOTGgebpmD1mGYYS5RqosAOj2sGxZuRGsddstAf0C/xJf8KeCtXpFE4Gku
kaNLYc/QZJ3rBm9Vhu9hE9bJHIyVdZxVSzxoWtRsirJEg1d3OdAutAde0jyQlyiX
oAARoBnej6EfKLGBdbK1X7pnc6yZ8zqQMKwPwHJ1hAHtJstUEdsEHZbWJBhN9HI+
icuUg4wBajbLFHFMSlHP/3Uo9mwN8jz8sJnH92SVG+PtWpW5TGSBx3NNP822u/PZ
n4rC5L/RVpLdK9xQgP/SJdtC8gE4ChYN5G1ws6X+TzeyOe0CAwEAAaOCAmwwggJo
MA4GA1UdDwEB/wQEAwIFoDAdBgNVHSUEFjAUBggrBgEFBQcDAQYIKwYBBQUHAwIw
DAYDVR0TAQH/BAIwADAdBgNVHQ4EFgQUgyTdCytzdva/naQVMoTb/mJsc9UwHwYD
VR0jBBgwFoAUqEpqYwR93brm0Tm3pkVl7/Oo7KEwbwYIKwYBBQUHAQEEYzBhMC4G
CCsGAQUFBzABhiJodHRwOi8vb2NzcC5pbnQteDMubGV0c2VuY3J5cHQub3JnMC8G
CCsGAQUFBzAChiNodHRwOi8vY2VydC5pbnQteDMubGV0c2VuY3J5cHQub3JnLzAh
BgNVHREEGjAYggsqLnR1NTc1LmNvbYIJdHU1NzUuY29tMEwGA1UdIARFMEMwCAYG
Z4EMAQIBMDcGCysGAQQBgt8TAQEBMCgwJgYIKwYBBQUHAgEWGmh0dHA6Ly9jcHMu
bGV0c2VuY3J5cHQub3JnMIIBBQYKKwYBBAHWeQIEAgSB9gSB8wDxAHYA8JWkWfIA
0YJAEC0vk4iOrUv+HUfjmeHQNKawqKqOsnMAAAFtqV4shgAABAMARzBFAiBFjkRr
Xp5gisX+qs3IJ5EWLDpCfhUc8KNMK6eLf7e98QIhAPvVpL5YDqLljXiur2rF3x0n
+Ib4PmtpYHaIGMM0SM0MAHcAsh4FzIuizYogTodm+Su5iiUgZ2va+nDnsklTLe+L
kF4AAAFtqV4qiQAABAMASDBGAiEA/h019uKyv3oO7erd9wccSK2IWQMrXUG1h2Yu
rwpn0yACIQDFp5/3IpF+aJmZ2J+vXNbnYMf90tgy+jNzxn0upbWd9jANBgkqhkiG
9w0BAQsFAAOCAQEAL8mKRPyxWRxrYpIpzRJnDxIsz/9VhUGy8E3Go5Au4C/qsWdq
nnfYG7lzLHJ8xTajqPII+GX4IkZNgRO2nK3saTLsFoIOfgr/yHbhhgNf6rFcxmAK
pCp6lvjFNa0Cx6zqgyqM74xlwgXQUWXBLnmQXxiv4FEIlaPu3V29M8seyTiV2yFt
ZW1YVqXEXNjiZMzlKLpDFtwvmQ0+A00Qy6Z8mRiHHHxDsDU+t/ginS3rlyQWmrXb
LLqO2CjCZ5S4gxxM9GKaijCSRdU3ogj/TnI2Uxj5u8wBG6psxVbeyUE33qSms7tA
yloQlwWqMDvAotDBz1T5NMbeEQoaAJvurDTLxg==
-----END CERTIFICATE-----","-----BEGIN CERTIFICATE-----
MIIEkjCCA3qgAwIBAgIQCgFBQgAAAVOFc2oLheynCDANBgkqhkiG9w0BAQsFADA/
MSQwIgYDVQQKExtEaWdpdGFsIFNpZ25hdHVyZSBUcnVzdCBDby4xFzAVBgNVBAMT
DkRTVCBSb290IENBIFgzMB4XDTE2MDMxNzE2NDA0NloXDTIxMDMxNzE2NDA0Nlow
SjELMAkGA1UEBhMCVVMxFjAUBgNVBAoTDUxldCdzIEVuY3J5cHQxIzAhBgNVBAMT
GkxldCdzIEVuY3J5cHQgQXV0aG9yaXR5IFgzMIIBIjANBgkqhkiG9w0BAQEFAAOC
AQ8AMIIBCgKCAQEAnNMM8FrlLke3cl03g7NoYzDq1zUmGSXhvb418XCSL7e4S0EF
q6meNQhY7LEqxGiHC6PjdeTm86dicbp5gWAf15Gan/PQeGdxyGkOlZHP/uaZ6WA8
SMx+yk13EiSdRxta67nsHjcAHJyse6cF6s5K671B5TaYucv9bTyWaN8jKkKQDIZ0
Z8h/pZq4UmEUEz9l6YKHy9v6Dlb2honzhT+Xhq+w3Brvaw2VFn3EK6BlspkENnWA
a6xK8xuQSXgvopZPKiAlKQTGdMDQMc2PMTiVFrqoM7hD8bEfwzB/onkxEz0tNvjj
/PIzark5McWvxI0NHWQWM6r6hCm21AvA2H3DkwIDAQABo4IBfTCCAXkwEgYDVR0T
AQH/BAgwBgEB/wIBADAOBgNVHQ8BAf8EBAMCAYYwfwYIKwYBBQUHAQEEczBxMDIG
CCsGAQUFBzABhiZodHRwOi8vaXNyZy50cnVzdGlkLm9jc3AuaWRlbnRydXN0LmNv
bTA7BggrBgEFBQcwAoYvaHR0cDovL2FwcHMuaWRlbnRydXN0LmNvbS9yb290cy9k
c3Ryb290Y2F4My5wN2MwHwYDVR0jBBgwFoAUxKexpHsscfrb4UuQdf/EFWCFiRAw
VAYDVR0gBE0wSzAIBgZngQwBAgEwPwYLKwYBBAGC3xMBAQEwMDAuBggrBgEFBQcC
ARYiaHR0cDovL2Nwcy5yb290LXgxLmxldHNlbmNyeXB0Lm9yZzA8BgNVHR8ENTAz
MDGgL6AthitodHRwOi8vY3JsLmlkZW50cnVzdC5jb20vRFNUUk9PVENBWDNDUkwu
Y3JsMB0GA1UdDgQWBBSoSmpjBH3duubRObemRWXv86jsoTANBgkqhkiG9w0BAQsF
AAOCAQEA3TPXEfNjWDjdGBX7CVW+dla5cEilaUcne8IkCJLxWh9KEik3JHRRHGJo
uM2VcGfl96S8TihRzZvoroed6ti6WqEBmtzw3Wodatg+VyOeph4EYpr/1wXKtx8/
wApIvJSwtmVi4MFU5aMqrSDE6ea73Mj2tcMyo5jMd6jmeWUHK8so/joWUoHOUgwu
X4Po1QYz+3dszkDqMp4fklxBwXRsW10KXzPMTZ+sOPAveyxindmjkW8lGy+QsRlG
PfZ+G6Z6h7mjem0Y+iWlkYcV4PIWL1iwBi8saCbGS5jN2p8M+X+Q7UNKEkROb3N6
KOqkqm57TH2H3eDJAkSnh6/DNFu0Qg==
-----END CERTIFICATE-----","-----BEGIN RSA PRIVATE KEY-----
MIIEogIBAAKCAQEAvTuwkTDtJNDVNREvfuFNcPSpZacsRoFVGOBrndTc6z2H8w5M
aB5umYPWYZhhLlGqiwA6PawbFm5Eax12y0B/QL/El/wp4K1ekUTgaS6Ro0thz9Bk
nesGb1WG72ET1skcjJV1nFVLPGha1GyKskSDV3c50C60B17SPJCXKJegABGgGd6P
oR8osYF1srVfumdzrJnzOpAwrA/AcnWEAe0my1QR2wQdltYkGE30cj6Jy5SDjAFq
NssUcUxKUc//dSj2bA3yPPywmcf3ZJUb4+1alblMZIHHc00/zba789mfisLkv9FW
kt0r3FCA/9Il20LyATgKFg3kbXCzpf5PN7I57QIDAQABAoIBAH0gZf1rk7N/XyvK
5FQKmJFzRjvQUceBJ4regmqH4VivhCCkuMM0ND/QXEaGYuQk3hcxnFFBZ1vqp9UI
U4/MYximdVFmTS6ilOCL4bPLNkP6yX+HtbByQvwFWscYsuyYaQdQoMcx4yDbhAvo
hcGg6hRA4vqUlzg0a+HeXgVaVVMVL/6bChwzWu9bTrz4pMIJ3nBFlw1ufWOV6kNP
/MhlnGrWfny00TTD3jyq/ilvevE8vb9gw7VkI2j+57E1hhOp07tXXyjJRoyaU2PT
fE5cXrKKum98Ox6p50aeNCVgTXVSPsFHjuwqzvV6Ny/9BCl9meOe8N711yU3uK4e
IzpsVUECgYEA8v2UJnZ6Xn9mEfB4UcPbEOMcsR0+Ys2k2AcQZBiG4ZTl/15P5ylA
XWqTYqiQDuuYpAxvf/jqBC7tNLRJ/ZZxzJEZDAnrjotV39mKFZ4F97yRgMT3yQq2
BubDM5ud0a9KSNm9VAQPnn1qRkxV0RsdyRnJdmdPibSF7J7AyuXve90CgYEAx11Q
XgGGZqmdE2FP/VRccyxtZpTIc2VCddrNa56YyscatEMKFYOelYgAmn4uLGtoZ7M7
0C1TzKpONWofD+eu/z5m/LS7tATPs6Kb0lRijO7+Kma8HXPx2VuOUMOIvnJroTxp
9mDVJ4Y5a5KG1uyqS0i/IlMn64+sBecCn5E0HVECgYA5v0fxKCEGyjIgu0xs6iXq
yn6sHO4Rnxu491zO3QFZJQDQAsLsheI1ETn7rWGnGhiJjCcHe8lpuxlGeD5JVPKw
kh8ovEbN9pEvBM0LPCXg7WCLAMR+c9w0oazsW+RSy9zUmWKkT97CZL3X/RY7/rzC
aS12xTCi4lMdm9Dnp2OVxQKBgH8ZMWRNCpcmqPoy/uDdSHcwqqpMTiKrOpySGoXy
vSwBlTe4yZP/rjlcVC4qJVuyOgRqksZcL2F6bZPGDPmB1eHpsZSH0Gaq7pNyJm8H
1zBMKQN1LZaFVXkh0nAQyHvJzG4latRk1V92ReMbrhUVGlgWj6vdYcTeemfk55o8
4wGRAoGAcnsIMhJjMgAKDUCK9NKllKpGoBVgKrGjh6wX21F8rqzojci3mROA4FAf
mXGDCDX/xl6ELg0T2bl+ahgO1fdXcQETLogHWMdaBTS2WMzHp5lQitzULNzSO7I+
EqJ6jkZIaGEb9kGy0aIfIbIqEq2vM3B3YeBkgC0Zs51ZMTJjfTg=
-----END RSA PRIVATE KEY-----"
"-----BEGIN CERTIFICATE-----
MIIFVzCCBD+gAwIBAgISBDK2eEQCxRhvo2PHdOnVDUq1MA0GCSqGSIb3DQEBCwUA
MEoxCzAJBgNVBAYTAlVTMRYwFAYDVQQKEw1MZXQncyBFbmNyeXB0MSMwIQYDVQQD
ExpMZXQncyBFbmNyeXB0IEF1dGhvcml0eSBYMzAeFw0xOTA3MDkwMTE1MjNaFw0x
OTEwMDcwMTE1MjNaMBoxGDAWBgNVBAMMDyouZmx5Y2xvdWQuY2x1YjCCASIwDQYJ
KoZIhvcNAQEBBQADggEPADCCAQoCggEBAL7wF3NOu5fxK0JNJVzKWops2vZDZz5S
788zurWEiPKNgx6Puy8VZKGMlMluroZgZ5AEGaF8cBQqQxxDWXkhK4019zEI6HOK
2xOBYQxdW5HqTdVN0gWTS8KZ4m0mQrFvWw4rymtRafYSrr3FJqOjIVMwhhf79Z0O
RPLJ/L1nt65e4U8AGYrkrgry+TLIu62XcfV4u5H+C+C58wosaMAVUK6Qg3aEr01q
01a3dcz3O+qt5wkV23o50ExYt74mwL8QIs6FMQ5qjkyDbgyIdkIK8/ZILomiegxJ
OeLVeLDaLojzifyvGzJtdOtfWwXmIqYLsdWp5cVt6fg4v1cdqqLGtzECAwEAAaOC
AmUwggJhMA4GA1UdDwEB/wQEAwIFoDAdBgNVHSUEFjAUBggrBgEFBQcDAQYIKwYB
BQUHAwIwDAYDVR0TAQH/BAIwADAdBgNVHQ4EFgQUi//ocN79JKaN0h+FvVnB9ceh
sF4wHwYDVR0jBBgwFoAUqEpqYwR93brm0Tm3pkVl7/Oo7KEwbwYIKwYBBQUHAQEE
YzBhMC4GCCsGAQUFBzABhiJodHRwOi8vb2NzcC5pbnQteDMubGV0c2VuY3J5cHQu
b3JnMC8GCCsGAQUFBzAChiNodHRwOi8vY2VydC5pbnQteDMubGV0c2VuY3J5cHQu
b3JnLzAaBgNVHREEEzARgg8qLmZseWNsb3VkLmNsdWIwTAYDVR0gBEUwQzAIBgZn
gQwBAgEwNwYLKwYBBAGC3xMBAQEwKDAmBggrBgEFBQcCARYaaHR0cDovL2Nwcy5s
ZXRzZW5jcnlwdC5vcmcwggEFBgorBgEEAdZ5AgQCBIH2BIHzAPEAdgDiaUuuJujp
QAnohhu2O4PUPuf+dIj7pI8okwGd3fHb/gAAAWvUg5wyAAAEAwBHMEUCIFFMZxmI
zR1AiPhLycyf62e1AVM1h7lGvLLrxbBrOBULAiEA1xXS96tXi4DtWZ1newHaSD3O
SA0GGAbRhH7I2gCEfqkAdwBj8tvN6DvMLM8LcoQnV2szpI1hd4+9daY4scdoVEvY
jQAAAWvUg54nAAAEAwBIMEYCIQDg69hVRMY5EdYWZKSl2VDiOPb7hVXyEFSjgt36
VtQBFgIhANuBcUEaXV83G2sAVtmkh19f1b8lGLJ5zPQNMoXz/dcfMA0GCSqGSIb3
DQEBCwUAA4IBAQAIWym2oOIgXI9HGvIZGhTaMK0BWlkCUcU4nTRIHncGaHY2xGNO
TxFxb8JrxkocIrXSSSamPdsrztZzhemys3z4UP+SwtK4WGxTWHyguJGA2dK3fpeg
aIzroKT2NA8IO9u5tOkdJHJAx+aMs38tH/edN9SOmKuRNbEwnJxpNTSdkD10SBsP
ovLodRRQXJMb8LLtXA5JU6VtZXi2GaSJunHr7hzFbKdfFVKJ8Vhxpq/Xiv6ekjbX
+oRs+0bcCG62WZJljeUn9FJfQVGVHYGq8+k2Py56VgBhKVd0nbUt8OkCQncoM3Fj
+BL1DCFFsOzjVFoe0Dtegp0njfReBMZmqFSs
-----END CERTIFICATE-----","-----BEGIN CERTIFICATE-----
MIIEkjCCA3qgAwIBAgIQCgFBQgAAAVOFc2oLheynCDANBgkqhkiG9w0BAQsFADA/
MSQwIgYDVQQKExtEaWdpdGFsIFNpZ25hdHVyZSBUcnVzdCBDby4xFzAVBgNVBAMT
DkRTVCBSb290IENBIFgzMB4XDTE2MDMxNzE2NDA0NloXDTIxMDMxNzE2NDA0Nlow
SjELMAkGA1UEBhMCVVMxFjAUBgNVBAoTDUxldCdzIEVuY3J5cHQxIzAhBgNVBAMT
GkxldCdzIEVuY3J5cHQgQXV0aG9yaXR5IFgzMIIBIjANBgkqhkiG9w0BAQEFAAOC
AQ8AMIIBCgKCAQEAnNMM8FrlLke3cl03g7NoYzDq1zUmGSXhvb418XCSL7e4S0EF
q6meNQhY7LEqxGiHC6PjdeTm86dicbp5gWAf15Gan/PQeGdxyGkOlZHP/uaZ6WA8
SMx+yk13EiSdRxta67nsHjcAHJyse6cF6s5K671B5TaYucv9bTyWaN8jKkKQDIZ0
Z8h/pZq4UmEUEz9l6YKHy9v6Dlb2honzhT+Xhq+w3Brvaw2VFn3EK6BlspkENnWA
a6xK8xuQSXgvopZPKiAlKQTGdMDQMc2PMTiVFrqoM7hD8bEfwzB/onkxEz0tNvjj
/PIzark5McWvxI0NHWQWM6r6hCm21AvA2H3DkwIDAQABo4IBfTCCAXkwEgYDVR0T
AQH/BAgwBgEB/wIBADAOBgNVHQ8BAf8EBAMCAYYwfwYIKwYBBQUHAQEEczBxMDIG
CCsGAQUFBzABhiZodHRwOi8vaXNyZy50cnVzdGlkLm9jc3AuaWRlbnRydXN0LmNv
bTA7BggrBgEFBQcwAoYvaHR0cDovL2FwcHMuaWRlbnRydXN0LmNvbS9yb290cy9k
c3Ryb290Y2F4My5wN2MwHwYDVR0jBBgwFoAUxKexpHsscfrb4UuQdf/EFWCFiRAw
VAYDVR0gBE0wSzAIBgZngQwBAgEwPwYLKwYBBAGC3xMBAQEwMDAuBggrBgEFBQcC
ARYiaHR0cDovL2Nwcy5yb290LXgxLmxldHNlbmNyeXB0Lm9yZzA8BgNVHR8ENTAz
MDGgL6AthitodHRwOi8vY3JsLmlkZW50cnVzdC5jb20vRFNUUk9PVENBWDNDUkwu
Y3JsMB0GA1UdDgQWBBSoSmpjBH3duubRObemRWXv86jsoTANBgkqhkiG9w0BAQsF
AAOCAQEA3TPXEfNjWDjdGBX7CVW+dla5cEilaUcne8IkCJLxWh9KEik3JHRRHGJo
uM2VcGfl96S8TihRzZvoroed6ti6WqEBmtzw3Wodatg+VyOeph4EYpr/1wXKtx8/
wApIvJSwtmVi4MFU5aMqrSDE6ea73Mj2tcMyo5jMd6jmeWUHK8so/joWUoHOUgwu
X4Po1QYz+3dszkDqMp4fklxBwXRsW10KXzPMTZ+sOPAveyxindmjkW8lGy+QsRlG
PfZ+G6Z6h7mjem0Y+iWlkYcV4PIWL1iwBi8saCbGS5jN2p8M+X+Q7UNKEkROb3N6
KOqkqm57TH2H3eDJAkSnh6/DNFu0Qg==
-----END CERTIFICATE-----","-----BEGIN PRIVATE KEY-----
MIIEvgIBADANBgkqhkiG9w0BAQEFAASCBKgwggSkAgEAAoIBAQC+8BdzTruX8StC
TSVcylqKbNr2Q2c+Uu/PM7q1hIjyjYMej7svFWShjJTJbq6GYGeQBBmhfHAUKkMc
Q1l5ISuNNfcxCOhzitsTgWEMXVuR6k3VTdIFk0vCmeJtJkKxb1sOK8prUWn2Eq69
xSajoyFTMIYX+/WdDkTyyfy9Z7euXuFPABmK5K4K8vkyyLutl3H1eLuR/gvgufMK
LGjAFVCukIN2hK9NatNWt3XM9zvqrecJFdt6OdBMWLe+JsC/ECLOhTEOao5Mg24M
iHZCCvP2SC6JonoMSTni1Xiw2i6I84n8rxsybXTrX1sF5iKmC7HVqeXFben4OL9X
HaqixrcxAgMBAAECggEAVovpdUC403RjkVf6mYa3Z4tT7NA8mglp3deqx+BdWuQ+
DLpFtF/UD03zmyJqRUqpZqQVIhePjfRiGwuEIN2iKg3OEBHjm4vTJZI9dSdT/F3i
Dc+KZTCQ5JJwCd2P2XGKKnA6/k4W440wW6BjlUS6NEUIYxK4EAqJwitAPnIm1ggv
VoxXVFWOCCsgWYf/xyJwduz7fxQ/khjEdKZwHdo7sLtDJafxFq2lEgX452X4oGwK
keQ7jSnLLTx80Py8FI+JXlaRhH2L99C6ImGHQHlwkZ3PK0epMpde5Td+8J839dw5
Qpc0d/Xtd/JcHJb/YGicpT1F/cIZB2CQzu353oO36QKBgQDdeWD2PH6LV95ngI5f
2RSwYVkpYdlVOTLj5DYgQ7eAhikIXNAPPmT9fG31sjBJ/1qQOUOiFRz/hh7v21GG
kaR3VWAEs89Xpmwh5BuXiFgeBRHqnBuVq0gjcUl0YmkO3ZQKJdTEjqaOGTuU4vcY
GIDu/31HOHebyIipoGnqdY7QjwKBgQDctBEVVvCwbhf1xwuoAGhsdSN2cDFpF2Iw
ARrMeSzDvWowGbsMNOIOdQlOoG51FB3L/z8flM8dV9WxgGeH5hGQFkPn0O/EarnH
FvfycV9Exm4VqH3FNv8Kgu8r9uaqUgFHsivsKmIlu1arjQ+VECdAQtzO2mIxflq/
+JZFXnJcPwKBgQCrSXrCNhswra6mofh7DKtBlqicpr6teOVw90kdPwIm9pu5if6o
K3tzyM5KXZuXP1TNglxaeLXKsfIvU5ID35Qxbugp+t77TQ0IUSE92wc7gHRQ3JdA
9A2Ay9chmhLimmAqUQPzWNhbwgwgpECydBETxqkfcf6fj0KS3ivMV0sy5QKBgAi3
I6WQFVkiP9f40EEGIxmFVq0qqQjZX4s9v+0rK9Ve+X6ExZopzHN9s6xjMXl2Hecc
YUXB/pvOCCZGR9BaCX+DIZNZ8N30yPlPsuLkDzsMCvTX/n93OIMVwJQf3+QB8QL/
yjQ9SDrtNvL3UxIz3Rjwiv+wKAiEUNkb2/NJU4LJAoGBANJ7hpBO+rIUSQNQnqjv
0ikk3jkB3MPhoUvrX4fg4hSZQxTIUhmYcBhMN1YgxqeR/Qsea0MCMLrBE+NeSMnd
GA99lJO+/bH6TQTIv6C22H6M6LTqmhHSHRkke/wQP0kKHUZa5F5JqpM2PRUhOaUy
8usdiyUfo7Wh0StK97E2kkYd
-----END PRIVATE KEY-----"